{
    "debug": true,
    "server": {
      "address": ":8081",
      "id_generator_service_address" : "localhost:8085"
    },
    "context":{
      "timeout":2
    },
    "database": {
        "host": "localhost",
        "port": "3306",
        "user": "root",
        "pass": "mariadb",
        "name": "dimii_user"
    },
    "redis": {
      "addr": "localhost:6379",
      "pass": "",
      "db": 0
    },
    "messaging" : {
      "host" : "localhost:9092"
    },
    "oryHydra": {
      "username": "",
      "password": "",
      "url": "https://localhost:9000"
    }
}