{
    "debug": true,
    "server": {
        "address": ":8080",
        "account_service_address": "localhost:7070",
        "bookkeeper_service_address" : "localhost:4040",
        "customer_service_address": "localhost:9090",
        "user_service_address": "localhost:8081"
    },
    "context":{
      "timeout":2
    },
    "database": {
        "host": "localhost",
        "port": "3306",
        "user": "root",
        "pass": "mariadb",
        "name": "transaction"
    },
    "messaging": {
        "host": ["localhost:9092"]
    }
}