<?xml version="1.0" encoding="UTF-8"?>

<checkstyle version="5.0">
  <file name="delivery/http/handler.go">
    <error column="28" line="60" message="Error return value of `(*encoding/json.Encoder).Encode` is not checked" severity="error" source="errcheck">
    </error>
    <error column="28" line="67" message="Error return value of `(*encoding/json.Encoder).Encode` is not checked" severity="error" source="errcheck">
    </error>
    <error column="28" line="74" message="Error return value of `(*encoding/json.Encoder).Encode` is not checked" severity="error" source="errcheck">
    </error>
  </file>
</checkstyle>
